{"0":{"N":26960,"mean":411.63735163204797,"std":592.0625503406144,"M2":9450506192.386845},"indexes":[0]}