{"0":{"N":250,"mean":381.28800000000024,"std":558.6822362094574,"M2":78031460.264},"indexes":[0]}