{"0":{"N":310,"mean":378.79677419354863,"std":557.2165305561907,"M2":96251981.19677423},"indexes":[0]}